key,status
2025-07-05T14:15:55,ADDED
2025-07-05T14:22:40,ADDED
2025-07-05T15:15:24,ADDED
2025-07-05T15:16:44,ADDED
2025-07-05T19:21:16,ADDED
2025-07-05T19:30:50,ADDED
2025-07-05T19:30:51,ADDED
2025-07-23T01:26:59,ADDED
2025-07-23T01:44:34,ADDED
2025-08-04T05:58:00,ADDED
2025-08-04T06:00:00,ADDED
2025-08-04T06:03:00,ADDED
2025-08-04T06:06:00,ADDED
2025-08-04T06:08:00,ADDED
2025-08-04T06:12:00,ADDED
2025-08-04T06:15:00,ADDED
2025-08-04T06:20:00,ADDED
2025-06-09 09:40:50+07:00,REMOVED
2025-06-09 22:28:33+07:00,REMOVED
2025-06-09 23:50:15+07:00,REMOVED
